last_name,suffixes,first_name,middle_name,party,chamber,district,email,url,photo_url,leg_id,updated_at
Taylor,,Jered,,Republican,lower,139,Jered.Taylor@house.mo.gov,http://www.house.mo.gov/member.aspx?year=2016&district=147,http://www.house.mo.gov/MemberPhoto.aspx?id=1806,MOL000396,2016-02-25 07:33:16
Shaul,,Dan,,Republican,lower,113,Dan.Shaul@house.mo.gov,http://www.house.mo.gov/member.aspx?year=2016&district=114,http://www.house.mo.gov/MemberPhoto.aspx?id=1792,MOL000403,2016-02-25 07:33:23
Hansen,,Jim,,Republican,lower,40,Jim.Hansen@house.mo.gov,http://www.house.mo.gov/member.aspx?year=2016&district=95,http://www.house.mo.gov/MemberPhoto.aspx?id=659,MOL000266,2016-02-25 07:33:23
Rone,,Don,,Republican,lower,149,Don.Rone@house.mo.gov,http://www.house.mo.gov/member.aspx?year=2016&district=34,http://www.house.mo.gov/MemberPhoto.aspx?id=1800,MOL000394,2016-02-25 07:33:22
Arthur,,Lauren,,Democratic,lower,18,Lauren.Arthur@house.mo.gov,http://www.house.mo.gov/member.aspx?year=2016&district=1,http://www.house.mo.gov/MemberPhoto.aspx?id=1810,MOL000404,2016-02-25 07:33:21
Adams,,Joe,,Democratic,lower,86,Joe.Adams@house.mo.gov,http://www.house.mo.gov/member.aspx?year=2016,http://www.house.mo.gov/MemberPhoto.aspx?id=1780,MOL000397,2016-02-25 07:33:23
Green,,Alan,,Democratic,lower,67,Alan.Green@house.mo.gov,http://www.house.mo.gov/member.aspx?year=2016&district=77,http://www.house.mo.gov/MemberPhoto.aspx?id=1798,MOL000377,2016-02-25 07:33:23
Vescovo,,Rob,,Republican,lower,112,Rob.Vescovo@house.mo.gov,http://www.house.mo.gov/member.aspx?year=2016&district=139,http://www.house.mo.gov/MemberPhoto.aspx?id=1793,MOL000392,2016-02-25 07:33:19
Roeber,,Rebecca,,Republican,lower,34,Rebecca.Roeber@house.mo.gov,http://www.house.mo.gov/member.aspx?year=2016&district=111,http://www.house.mo.gov/MemberPhoto.aspx?id=1790,MOL000405,2016-02-25 07:33:23
Runions,,Joe,,Democratic,lower,37,Joe.Runions@house.mo.gov,http://www.house.mo.gov/member.aspx?year=2016&district=29,http://www.house.mo.gov/MemberPhoto.aspx?id=693,MOL000341,2016-02-25 07:33:18
McDonald,,Tom,,Democratic,lower,28,Tom.McDonald@house.mo.gov,http://www.house.mo.gov/member.aspx?year=2016&district=150,http://www.house.mo.gov/MemberPhoto.aspx?id=379,MOL000128,2016-02-25 07:33:22
Phillips,,Don,,Republican,lower,138,Don.Phillips@house.mo.gov,http://www.house.mo.gov/member.aspx?year=2016&district=33,http://www.house.mo.gov/MemberPhoto.aspx?id=732,MOL000146,2016-02-25 07:33:16
Mims,,Bonnaye,,Democratic,lower,27,Bonnaye.Mims@house.mo.gov,http://www.house.mo.gov/member.aspx?year=2016&district=124,http://www.house.mo.gov/MemberPhoto.aspx?id=653,MOL000309,2016-02-25 07:33:22
Rehder,,Holly,,Republican,lower,148,,http://www.house.mo.gov/member.aspx?year=2016&district=4,http://www.house.mo.gov/MemberPhoto.aspx?id=657,MOL000330,2016-02-25 07:33:21
Haahr,,Elijah,,Republican,lower,134,Elijah.Haahr@house.mo.gov,http://www.house.mo.gov/member.aspx?year=2016&district=67,http://www.house.mo.gov/MemberPhoto.aspx?id=673,MOL000263,2016-02-25 07:33:22
Kendrick,,Kip,,Democratic,lower,45,Kip.Kendrick@house.mo.gov,http://www.house.mo.gov/member.aspx?year=2016&district=127,http://www.house.mo.gov/MemberPhoto.aspx?id=1802,MOL000398,2016-02-25 07:33:23
Lynch,,Steve,,Republican,lower,122,Steve.Lynch@house.mo.gov,http://www.house.mo.gov/member.aspx?year=2016&district=125,http://www.house.mo.gov/MemberPhoto.aspx?id=685,MOL000295,2016-02-25 07:33:23
Miller,,Rocky,,Republican,lower,124,Rocky.Miller@house.mo.gov,http://www.house.mo.gov/member.aspx?year=2016&district=130,http://www.house.mo.gov/MemberPhoto.aspx?id=684,MOL000308,2016-02-25 07:33:19
Burns,,Bob,,Democratic,lower,93,Bob.Burns@house.mo.gov,http://www.house.mo.gov/member.aspx?year=2016&district=133,http://www.house.mo.gov/MemberPhoto.aspx?id=686,MOL000223,2016-02-25 07:33:23
Hicks,,Ron,,Republican,lower,107,Ron.Hicks@house.mo.gov,http://www.house.mo.gov/member.aspx?year=2016&district=118,http://www.house.mo.gov/MemberPhoto.aspx?id=690,MOL000268,2016-02-25 07:33:21
Morris,,Lynn,,Republican,lower,140,Lynn.Morris@house.mo.gov,http://www.house.mo.gov/member.aspx?year=2016&district=24,http://www.house.mo.gov/MemberPhoto.aspx?id=667,MOL000314,2016-02-25 07:33:23
Hubbard,,Penny,,Democratic,lower,78,Penny.Hubbard@house.mo.gov,http://www.house.mo.gov/member.aspx?year=2016&district=43,http://www.house.mo.gov/MemberPhoto.aspx?id=496,MOL000097,2016-02-25 07:33:23
Walker,,Nate,,Republican,lower,3,Nate.Walker@house.mo.gov,http://www.house.mo.gov/member.aspx?year=2016&district=112,http://www.house.mo.gov/MemberPhoto.aspx?id=644,MOL000359,2016-02-25 07:33:21
Rowden,,Caleb,,Republican,lower,44,Caleb.Rowden@house.mo.gov,http://www.house.mo.gov/member.aspx?year=2016&district=142,http://www.house.mo.gov/MemberPhoto.aspx?id=661,MOL000339,2016-02-25 07:33:23
Peters,,Joshua,,Democratic,lower,76,Joshua.Peters@house.mo.gov,http://www.house.mo.gov/member.aspx?year=2016&district=105,http://www.house.mo.gov/MemberPhoto.aspx?id=726,MOL000372,2016-02-25 07:33:23
Wilson,,Kenneth,,Republican,lower,12,Ken.Wilson@house.mo.gov,http://www.house.mo.gov/member.aspx?year=2016&district=103,http://www.house.mo.gov/MemberPhoto.aspx?id=646,MOL000365,2016-02-25 07:33:23
Hoskins,,Denny,,Republican,lower,54,Denny.Hoskins@house.mo.gov,http://www.house.mo.gov/member.aspx?year=2016&district=119,http://www.house.mo.gov/MemberPhoto.aspx?id=371,MOL000094,2016-02-25 07:33:12
Dohrman,,Dean,,Republican,lower,51,Dean.Dohrman@house.mo.gov,http://www.house.mo.gov/member.aspx?year=2016&district=98,http://www.house.mo.gov/MemberPhoto.aspx?id=665,MOL000238,2016-02-25 07:33:23
Remole,,Tim,,Republican,lower,6,Tim.Remole@house.mo.gov,http://www.house.mo.gov/member.aspx?year=2016&district=160,http://www.house.mo.gov/MemberPhoto.aspx?id=643,MOL000332,2016-02-25 07:33:23
McGaugh,,Joe Don,,Republican,lower,39,JoeDon.McGaugh@house.mo.gov,http://www.house.mo.gov/member.aspx?year=2016&district=28,http://www.house.mo.gov/MemberPhoto.aspx?id=658,MOL000302,2016-02-25 07:33:23
LaFaver,,Jeremy,,Democratic,lower,25,Jeremy.LaFaver@house.mo.gov,http://www.house.mo.gov/member.aspx?year=2016&district=82,http://www.house.mo.gov/MemberPhoto.aspx?id=652,MOL000289,2016-02-25 07:33:22
Dunn,,Randy,,Democratic,lower,23,Randy.Dunn@house.mo.gov,http://www.house.mo.gov/member.aspx?year=2016&district=141,http://www.house.mo.gov/MemberPhoto.aspx?id=692,MOL000240,2016-02-25 07:33:21
Neely,,Jim,,Republican,lower,8,Jim.Neely@house.mo.gov,http://www.house.mo.gov/member.aspx?year=2016&district=48,http://www.house.mo.gov/MemberPhoto.aspx?id=645,MOL000316,2016-02-25 07:33:23
McCaherty,,John,,Republican,lower,97,John.McCaherty@house.mo.gov,http://www.house.mo.gov/member.aspx?year=2016&district=84,http://www.house.mo.gov/MemberPhoto.aspx?id=463,MOL000126,2016-02-25 07:33:23
Spencer,,Bryan,,Republican,lower,63,,http://www.house.mo.gov/member.aspx?year=2016&district=106,http://www.house.mo.gov/MemberPhoto.aspx?id=671,MOL000353,2016-02-25 07:33:19
Rhoads,,Shawn,,Republican,lower,154,,http://www.house.mo.gov/member.aspx?year=2016&district=6,http://www.house.mo.gov/MemberPhoto.aspx?id=654,MOL000333,2016-02-25 07:33:21
Butler,,Michael,,Democratic,lower,79,Michael.Butler@house.mo.gov,http://www.house.mo.gov/member.aspx?year=2016&district=93,http://www.house.mo.gov/MemberPhoto.aspx?id=60,MOL000224,2016-02-25 07:33:23
Morgan,,Judy,,Democratic,lower,24,Judy.Morgan@house.mo.gov,http://www.house.mo.gov/member.aspx?year=2016&district=157,http://www.house.mo.gov/MemberPhoto.aspx?id=620,MOL000196,2016-02-25 07:33:22
Austin,,Kevin,,Republican,lower,136,Kevin.Austin@house.mo.gov,http://www.house.mo.gov/member.aspx?year=2016&district=18,http://www.house.mo.gov/MemberPhoto.aspx?id=669,MOL000214,2016-02-25 07:33:20
Otto,,Bill,,Democratic,lower,70,Bill.Otto@house.mo.gov,http://www.house.mo.gov/member.aspx?year=2016&district=132,http://www.house.mo.gov/MemberPhoto.aspx?id=675,MOL000321,2016-02-25 07:33:15
Meredith,,Sue,,Democratic,lower,71,Susan.Meredith@house.mo.gov,http://www.house.mo.gov/member.aspx?year=2016&district=69,http://www.house.mo.gov/MemberPhoto.aspx?id=677,MOL000306,2016-02-25 07:33:23
Webber,,Stephen,,Democratic,lower,46,Stephen.Webber@house.mo.gov,http://www.house.mo.gov/member.aspx?year=2016&district=75,http://www.house.mo.gov/MemberPhoto.aspx?id=389,MOL000186,2016-02-25 07:33:23
Anderson,,Sonya,,Republican,lower,131,Sonya.Anderson@house.mo.gov,http://www.house.mo.gov/member.aspx?year=2016&district=21,http://www.house.mo.gov/MemberPhoto.aspx?id=691,MOL000213,2016-02-25 07:33:20
Redmon,,Craig,,Republican,lower,4,Craig.Redmon@house.mo.gov,http://www.house.mo.gov/member.aspx?year=2016&district=143,http://www.house.mo.gov/MemberPhoto.aspx?id=452,MOL000150,2016-02-25 07:33:21
Justus,,Jeffery,,Republican,lower,156,Jeffery.Justus@house.mo.gov,http://www.house.mo.gov/member.aspx?year=2016&district=50,http://www.house.mo.gov/MemberPhoto.aspx?id=651,MOL000281,2016-02-25 07:33:21
Gosen,,Don,,Republican,lower,101,Don.Gosen@house.mo.gov,http://www.house.mo.gov/member.aspx?year=2015&district=77,http://www.house.mo.gov/MemberPhoto.aspx?id=456,MOL000084,2016-02-25 07:29:14
Curtis,,Courtney Allen,,Democratic,lower,73,Courtney.Curtis@house.mo.gov,http://www.house.mo.gov/member.aspx?year=2016&district=35,http://www.house.mo.gov/MemberPhoto.aspx?id=679,MOL000234,2016-02-25 07:33:23
Messenger,,Jeffrey,,Republican,lower,130,Jeff.Messenger@house.mo.gov,http://www.house.mo.gov/member.aspx?year=2016&district=71,http://www.house.mo.gov/MemberPhoto.aspx?id=678,MOL000307,2016-02-25 07:33:23
Hummel,,Jacob,,Democratic,lower,81,Jake.Hummel@house.mo.gov,http://www.house.mo.gov/member.aspx?year=2016&district=151,http://www.house.mo.gov/MemberPhoto.aspx?id=372,MOL000099,2016-02-25 07:29:15
Shull,,Noel J,,Republican,lower,16,Noel.Shull@house.mo.gov,http://www.house.mo.gov/member.aspx?year=2016&district=113,http://www.house.mo.gov/MemberPhoto.aspx?id=649,MOL000347,2016-02-25 07:33:23
Pace,,Sharon,,Democratic,lower,74,Sharon.Pace@house.mo.gov,http://www.house.mo.gov/member.aspx?year=2016&district=70,http://www.house.mo.gov/MemberPhoto.aspx?id=383,MOL000144,2016-02-25 07:33:21
English,,Keith,,Independent,lower,68,Keith.English@house.mo.gov,http://www.house.mo.gov/member.aspx?year=2016&district=116,http://www.house.mo.gov/MemberPhoto.aspx?id=674,MOL000245,2016-02-25 07:33:23
Moon,,Mike,,Republican,lower,157,Mike.Moon@house.mo.gov,http://www.house.mo.gov/member.aspx?year=2016&district=92,http://www.house.mo.gov/MemberPhoto.aspx?id=727,MOL000373,2016-02-25 07:33:23
Pogue,,Jeff,,Republican,lower,143,Jeff.Pogue@house.mo.gov,http://www.house.mo.gov/member.aspx?year=2016&district=89,http://www.house.mo.gov/MemberPhoto.aspx?id=663,MOL000328,2016-02-25 07:33:23
Love,,Warren,,Republican,lower,125,Warren.Love@house.mo.gov,http://www.house.mo.gov/member.aspx?year=2016&district=146,http://www.house.mo.gov/MemberPhoto.aspx?id=682,MOL000294,2016-02-25 07:33:22
Plocher,,Dean,,Republican,lower,89,Dean.Plocher@house.mo.gov,http://www.house.mo.gov/member.aspx?year=2016&district=126,http://www.house.mo.gov/MemberPhoto.aspx?id=1873,MOL000422,2016-02-25 07:33:23
Rowland,,Rory,,Democratic,lower,29,Rory.Rowland@house.mo.gov,http://www.house.mo.gov/member.aspx?year=2016&district=155,http://www.house.mo.gov/MemberPhoto.aspx?id=1871,MOL000423,2016-02-25 07:33:21
Dogan,,Shamed,,Republican,lower,98,Shamed.Dogan@house.mo.gov,http://www.house.mo.gov/member.aspx?year=2016&district=162,http://www.house.mo.gov/MemberPhoto.aspx?id=1783,MOL000391,2016-02-25 07:33:19
Andrews,,Allen,,Republican,lower,1,Allen.Andrews@house.mo.gov,http://www.house.mo.gov/member.aspx?year=2016&district=131,http://www.house.mo.gov/MemberPhoto.aspx?id=1811,MOL000400,2016-02-25 07:33:18
Pike,,Patricia,,Republican,lower,126,Patricia.Pike@house.mo.gov,http://www.house.mo.gov/member.aspx?year=2016&district=41,http://www.house.mo.gov/MemberPhoto.aspx?id=1788,MOL000381,2016-02-25 07:33:20
Kidd,,Bill,,Republican,lower,20,Bill.Kidd@house.mo.gov,http://www.house.mo.gov/member.aspx?year=2016&district=45,http://www.house.mo.gov/MemberPhoto.aspx?id=1796,MOL000411,2016-02-25 07:33:21
McDaniel,,Andrew,,Republican,lower,150,Andrew.McDaniel@house.mo.gov,http://www.house.mo.gov/member.aspx?year=2016&district=88,http://www.house.mo.gov/MemberPhoto.aspx?id=1787,MOL000389,2016-02-25 07:33:20
Chipman,,Jason,,Republican,lower,120,Jason.Chipman@house.mo.gov,http://www.house.mo.gov/member.aspx?year=2016&district=15,http://www.house.mo.gov/MemberPhoto.aspx?id=1782,MOL000409,2016-02-25 07:33:14
Basye,,Chuck,,Republican,lower,47,,http://www.house.mo.gov/member.aspx?year=2016&district=60,http://www.house.mo.gov/MemberPhoto.aspx?id=1781,MOL000386,2016-02-25 07:33:21
Bondon,,Jack,,Republican,lower,56,Jack.Bondon@house.mo.gov,http://www.house.mo.gov/member.aspx?year=2016&district=117,http://www.house.mo.gov/MemberPhoto.aspx?id=1808,MOL000401,2016-02-25 07:33:22
Fitzwater,,Travis,,Republican,lower,49,Travis.Fitzwater@house.mo.gov,http://www.house.mo.gov/member.aspx?year=2016&district=144,http://www.house.mo.gov/MemberPhoto.aspx?id=1804,MOL000387,2016-02-25 07:33:23
Wiemann,,John,,Republican,lower,103,John.Wiemann@house.mo.gov,http://www.house.mo.gov/member.aspx?year=2016&district=161,http://www.house.mo.gov/MemberPhoto.aspx?id=1803,MOL000393,2016-02-25 07:33:23
Roden,,Shane,,Republican,lower,111,Shane.Roden@house.mo.gov,http://www.house.mo.gov/member.aspx?year=2016&district=19,http://www.house.mo.gov/MemberPhoto.aspx?id=1789,MOL000382,2016-02-25 07:33:20
Hill,,Justin,,Republican,lower,108,Justin.Hill@house.mo.gov,http://www.house.mo.gov/member.aspx?year=2016&district=11,http://www.house.mo.gov/MemberPhoto.aspx?id=1784,MOL000408,2016-02-25 07:33:23
Beard,,Nathan,,Republican,lower,52,Nathan.Beard@house.mo.gov,http://www.house.mo.gov/member.aspx?year=2016&district=47,http://www.house.mo.gov/MemberPhoto.aspx?id=1807,MOL000385,2016-02-25 07:33:23
Eggleston,,J.,,Republican,lower,2,J.Eggleston@house.mo.gov,http://www.house.mo.gov/member.aspx?year=2016&district=23,http://www.house.mo.gov/MemberPhoto.aspx?id=1795,MOL000407,2016-02-25 07:33:23
King,,Nick,,Republican,lower,17,Nick.King@house.mo.gov,http://www.house.mo.gov/member.aspx?year=2016&district=20,http://www.house.mo.gov/MemberPhoto.aspx?id=1785,MOL000388,2016-02-25 07:33:23
Mathews,,Kirk,,Republican,lower,110,Kirk.Mathews@house.mo.gov,http://www.house.mo.gov/member.aspx?year=2016&district=13,http://www.house.mo.gov/MemberPhoto.aspx?id=1801,MOL000383,2016-02-25 07:33:22
Corlew,,Kevin,,Republican,lower,14,,http://www.house.mo.gov/member.aspx?year=2016&district=153,http://www.house.mo.gov/MemberPhoto.aspx?id=1805,MOL000395,2016-02-25 07:33:22
Carpenter,,Jon,,Democratic,lower,15,Jon.Carpenter@house.mo.gov,http://www.house.mo.gov/member.aspx?year=2016&district=79,http://www.house.mo.gov/MemberPhoto.aspx?id=647,MOL000225,2016-02-25 07:33:22
Ruth,,Becky,,Republican,lower,114,Becky.Ruth@house.mo.gov,http://www.house.mo.gov/member.aspx?year=2016&district=37,http://www.house.mo.gov/MemberPhoto.aspx?id=1791,MOL000406,2016-02-25 07:33:23
Wood,,David,,Republican,lower,58,David.Wood@house.mo.gov,http://www.house.mo.gov/member.aspx?year=2016&district=12,http://www.house.mo.gov/MemberPhoto.aspx?id=668,MOL000366,2016-02-25 07:33:22
Pfautsch,,Donna,,Republican,lower,33,Donna.Pfautsch@house.mo.gov,http://www.house.mo.gov/member.aspx?year=2016&district=76,http://www.house.mo.gov/MemberPhoto.aspx?id=655,MOL000324,2016-02-25 07:33:23
Pietzman,,Randy,,Republican,lower,41,Randy.Pietzman@house.mo.gov,http://www.house.mo.gov/member.aspx?year=2016&district=66,http://www.house.mo.gov/MemberPhoto.aspx?id=1812,MOL000399,2016-02-25 07:33:23
Brown,,Cloria,,Republican,lower,94,Cloria.Brown@house.mo.gov,http://www.house.mo.gov/member.aspx?year=2016&district=55,http://www.house.mo.gov/MemberPhoto.aspx?id=451,MOL000047,2016-02-25 07:33:23
Alferman,,Justin,,Republican,lower,61,Justin.Alferman@house.mo.gov,http://www.house.mo.gov/member.aspx?year=2016&district=86,http://www.house.mo.gov/MemberPhoto.aspx?id=1799,MOL000402,2016-02-25 07:33:23
Cornejo,,Robert,,Republican,lower,64,Robert.Cornejo@house.mo.gov,http://www.house.mo.gov/member.aspx?year=2016&district=14,http://www.house.mo.gov/MemberPhoto.aspx?id=672,MOL000230,2016-02-25 07:33:23
Hubrecht,,Tila,,Republican,lower,151,Tila.Hubrecht@house.mo.gov,http://www.house.mo.gov/member.aspx?year=2016&district=78,http://www.house.mo.gov/MemberPhoto.aspx?id=1809,MOL000378,2016-02-25 07:33:23
Gannon,,Elaine,,Republican,lower,115,Elaine.Gannon@house.mo.gov,http://www.house.mo.gov/member.aspx?year=2016&district=121,http://www.house.mo.gov/MemberPhoto.aspx?id=688,MOL000257,2016-02-25 07:33:23
Entlicher,,Sue,,Republican,lower,128,Sue.Entlicher@house.mo.gov,http://www.house.mo.gov/member.aspx?year=2016&district=68,http://www.house.mo.gov/MemberPhoto.aspx?id=481,MOL000072,2016-02-25 07:33:22
Hurst,,Tom,,Republican,lower,62,Tom.Hurst@house.mo.gov,http://www.house.mo.gov/member.aspx?year=2016&district=81,http://www.house.mo.gov/MemberPhoto.aspx?id=670,MOL000277,2016-02-25 07:33:19
Leara,,Mike,,Republican,lower,96,Mike.Leara@house.mo.gov,http://www.house.mo.gov/member.aspx?year=2016&district=90,http://www.house.mo.gov/MemberPhoto.aspx?id=377,MOL000120,2016-02-25 07:33:21
Norr,,Charlie,,Democratic,lower,132,Charlie.Norr@house.mo.gov,http://www.house.mo.gov/member.aspx?year=2016&district=72,http://www.house.mo.gov/MemberPhoto.aspx?id=77,MOL000320,2016-02-25 07:33:23
Houghton,,Jay,,Republican,lower,43,Jay.Houghton@house.mo.gov,http://www.house.mo.gov/member.aspx?year=2016&district=135,http://www.house.mo.gov/MemberPhoto.aspx?id=461,MOL000096,2016-02-25 07:33:20
Marshall,,Nick,,Republican,lower,13,Nick.Marshall@house.mo.gov,http://www.house.mo.gov/member.aspx?year=2016&district=122,http://www.house.mo.gov/MemberPhoto.aspx?id=493,MOL000124,2016-02-25 07:33:23
Kirkton,,Jeanne,,Democratic,lower,91,Jeanne.Kirkton@house.mo.gov,http://www.house.mo.gov/member.aspx?year=2016&district=17,http://www.house.mo.gov/MemberPhoto.aspx?id=356,MOL000108,2016-02-25 07:33:21
Fraker,,Lyndall,,Republican,lower,137,Lyndall.Fraker@house.mo.gov,http://www.house.mo.gov/member.aspx?year=2016&district=163,http://www.house.mo.gov/MemberPhoto.aspx?id=482,MOL000077,2016-02-25 07:33:23
Muntzel,,Dave,,Republican,lower,48,Dave.Muntzel@house.mo.gov,http://www.house.mo.gov/member.aspx?year=2016&district=140,http://www.house.mo.gov/MemberPhoto.aspx?id=664,MOL000315,2016-02-25 07:33:23
Diehl,,John,,Republican,lower,89,John.Diehl@house.mo.gov,http://www.house.mo.gov/member.aspx?year=2015&district=162,http://www.house.mo.gov/MemberPhoto.aspx?id=365,MOL000068,2016-02-25 07:29:15
Kolkmeyer,,Glen,,Republican,lower,53,Glen.Kolkmeyer@house.mo.gov,http://www.house.mo.gov/member.aspx?year=2016&district=99,http://www.house.mo.gov/MemberPhoto.aspx?id=666,MOL000286,2016-02-25 07:33:22
Lair,,Mike,,Republican,lower,7,Mike.Lair@house.mo.gov,http://www.house.mo.gov/member.aspx?year=2016&district=25,http://www.house.mo.gov/MemberPhoto.aspx?id=51,MOL000113,2016-02-25 07:33:22
Gardner,,Kimberly,,Democratic,lower,77,Kimberly.Gardner@house.mo.gov,http://www.house.mo.gov/member.aspx?year=2016&district=115,http://www.house.mo.gov/MemberPhoto.aspx?id=680,MOL000258,2016-02-25 07:33:23
White,,Bill,,Republican,lower,161,Bill.White@house.mo.gov,http://www.house.mo.gov/member.aspx?year=2016&district=46,http://www.house.mo.gov/MemberPhoto.aspx?id=447,MOL000189,2016-02-25 07:33:23
Solon,,Sheila,,Republican,lower,31,Sheila.Solon@house.mo.gov,http://www.house.mo.gov/member.aspx?year=2016&district=85,http://www.house.mo.gov/MemberPhoto.aspx?id=495,MOL000172,2016-02-25 07:33:20
Mitten,,Gina,,Democratic,lower,83,Gina.Mitten@house.mo.gov,http://www.house.mo.gov/member.aspx?year=2016&district=27,http://www.house.mo.gov/MemberPhoto.aspx?id=683,MOL000310,2016-02-25 07:33:23
Crawford,,Sandy,,Republican,lower,129,Sandy.Crawford@house.mo.gov,http://www.house.mo.gov/member.aspx?year=2016&district=64,http://www.house.mo.gov/MemberPhoto.aspx?id=478,MOL000061,2016-02-25 07:33:21
Rowland,,Lyle,,Republican,lower,155,Lyle.Rowland@house.mo.gov,http://www.house.mo.gov/member.aspx?year=2016&district=44,http://www.house.mo.gov/MemberPhoto.aspx?id=488,MOL000155,2016-02-25 07:33:22
Higdon,,Galen,,Republican,lower,11,Galen.Higdon@house.mo.gov,http://www.house.mo.gov/member.aspx?year=2016&district=107,http://www.house.mo.gov/MemberPhoto.aspx?id=458,MOL000090,2016-02-25 07:33:23
Engler,,Kevin,,Republican,lower,116,Kevin.Engler@house.mo.gov,http://www.house.mo.gov/member.aspx?year=2016&district=22,http://www.house.mo.gov/MemberPhoto.aspx?id=687,MOL000009,2016-02-25 07:33:23
Cierpiot,,Mike,,Republican,lower,30,Mike.Cierpiot@house.mo.gov,http://www.house.mo.gov/member.aspx?year=2016&district=120,http://www.house.mo.gov/MemberPhoto.aspx?id=476,MOL000055,2016-02-25 07:33:21
Korman,,Bart,,Republican,lower,42,Bart.Korman@house.mo.gov,http://www.house.mo.gov/member.aspx?year=2016&district=53,http://www.house.mo.gov/MemberPhoto.aspx?id=468,MOL000111,2016-02-25 07:33:22
Ross,,Robert,,Republican,lower,142,,http://www.house.mo.gov/member.aspx?year=2016&district=149,http://www.house.mo.gov/MemberPhoto.aspx?id=694,MOL000338,2016-02-25 07:33:22
Colona,,Mike,,Democratic,lower,80,Mike.Colona@house.mo.gov,http://www.house.mo.gov/member.aspx?year=2016&district=30,http://www.house.mo.gov/MemberPhoto.aspx?id=363,MOL000056,2016-02-25 07:33:23
Davis,,Charlie,,Republican,lower,162,Charlie.Davis@house.mo.gov,http://www.house.mo.gov/member.aspx?year=2016&district=109,http://www.house.mo.gov/MemberPhoto.aspx?id=449,MOL000064,2016-02-25 07:33:19
Smith,,Clem,,Democratic,lower,85,Clem.Smith@house.mo.gov,http://www.house.mo.gov/member.aspx?year=2016&district=5,http://www.house.mo.gov/MemberPhoto.aspx?id=442,MOL000170,2016-02-25 07:33:22
Bernskoetter,,Mike,,Republican,lower,59,Mike.Bernskoetter@house.mo.gov,http://www.house.mo.gov/member.aspx?year=2016&district=52,http://www.house.mo.gov/MemberPhoto.aspx?id=472,MOL000042,2016-02-25 07:33:23
Franklin,,Diane,,Republican,lower,123,Diane.Franklin@house.mo.gov,http://www.house.mo.gov/member.aspx?year=2016&district=137,http://www.house.mo.gov/MemberPhoto.aspx?id=455,MOL000078,2016-02-25 07:33:23
Shumake,,Lindell,,Republican,lower,5,Lindell.Shumake@house.mo.gov,http://www.house.mo.gov/member.aspx?year=2016&district=16,http://www.house.mo.gov/MemberPhoto.aspx?id=490,MOL000167,2016-02-25 07:33:23
Kratky,,Michele,,Democratic,lower,82,Michele.Kratky@house.mo.gov,http://www.house.mo.gov/member.aspx?year=2016&district=42,http://www.house.mo.gov/MemberPhoto.aspx?id=350,MOL000112,2016-02-25 07:33:22
Fitzwater,,Paul,,Republican,lower,144,Paul.Fitzwater@house.mo.gov,http://www.house.mo.gov/member.aspx?year=2016&district=158,http://www.house.mo.gov/MemberPhoto.aspx?id=512,MOL000075,2016-02-25 07:33:22
Nichols,,Mary,,Democratic,lower,72,Mary.Nichols@house.mo.gov,http://www.house.mo.gov/member.aspx?year=2016&district=87,http://www.house.mo.gov/MemberPhoto.aspx?id=467,MOL000141,2016-02-25 07:33:21
Black,,Linda,,Republican,lower,117,Linda.Black@house.mo.gov,http://www.house.mo.gov/member.aspx?year=2016&district=38,http://www.house.mo.gov/MemberPhoto.aspx?id=368,MOL000044,2016-02-25 07:33:20
Brown,,Wanda,,Republican,lower,57,Wanda.Brown@house.mo.gov,http://www.house.mo.gov/member.aspx?year=2016&district=94,http://www.house.mo.gov/MemberPhoto.aspx?id=505,MOL000049,2016-02-25 07:33:21
Dugger,,Tony,,Republican,lower,141,,http://www.house.mo.gov/member.aspx?year=2016&district=51,http://www.house.mo.gov/MemberPhoto.aspx?id=366,MOL000069,2016-02-25 07:33:20
Richardson,,Todd,,Republican,lower,152,Todd.Richardson@house.mo.gov,http://www.house.mo.gov/member.aspx?year=2016&district=154,http://www.house.mo.gov/MemberPhoto.aspx?id=514,MOL000152,2016-02-25 07:33:14
Taylor,,Shelley,Keeney,Republican,lower,145,Shelley.Keeney@house.mo.gov,http://www.house.mo.gov/member.aspx?year=2016&district=156,http://www.house.mo.gov/MemberPhoto.aspx?id=158,MOL000105,2016-02-25 07:33:22
May,,Karla,,Democratic,lower,84,Karla.May@house.mo.gov,http://www.house.mo.gov/member.aspx?year=2016&district=110,http://www.house.mo.gov/MemberPhoto.aspx?id=484,MOL000125,2016-02-25 07:33:22
Bahr,,Kurt,,Republican,lower,102,Kurt.Bahr@house.mo.gov,http://www.house.mo.gov/member.aspx?year=2016&district=136,http://www.house.mo.gov/MemberPhoto.aspx?id=471,MOL000040,2016-02-25 07:33:23
Brattin,,Rick,,Republican,lower,55,Rick.Brattin@house.mo.gov,http://www.house.mo.gov/member.aspx?year=2016&district=56,http://www.house.mo.gov/MemberPhoto.aspx?id=474,MOL000046,2016-02-25 07:33:23
Harris,,Ben,,Democratic,lower,118,Ben.Harris@house.mo.gov,http://www.house.mo.gov/member.aspx?year=2016&district=40,http://www.house.mo.gov/MemberPhoto.aspx?id=444,MOL000089,2016-02-25 07:33:23
Johnson,,Delus,,Republican,lower,9,Delus.Johnson@house.mo.gov,http://www.house.mo.gov/member.aspx?year=2016&district=62,http://www.house.mo.gov/MemberPhoto.aspx?id=453,MOL000100,2016-02-25 07:33:20
Parkinson,,Mark,,Republican,lower,105,Mark.Parkinson@house.mo.gov,http://www.house.mo.gov/member.aspx?year=2016&district=74,http://www.house.mo.gov/MemberPhoto.aspx?id=351,MOL000145,2016-02-25 07:33:22
Ellington,,Brandon,,Democratic,lower,22,Brandon.Ellington@house.mo.gov,http://www.house.mo.gov/member.aspx?year=2016&district=2,http://www.house.mo.gov/MemberPhoto.aspx?id=609,MOL000194,2016-02-25 07:33:23
Haefner,,Marsha,,Republican,lower,95,Marsha.Haefner@house.mo.gov,http://www.house.mo.gov/member.aspx?year=2016&district=134,http://www.house.mo.gov/MemberPhoto.aspx?id=501,MOL000087,2016-02-25 07:33:23
Flanigan,,Tom,,Republican,lower,163,Thomas.Flanigan@house.mo.gov,http://www.house.mo.gov/member.aspx?year=2016&district=49,http://www.house.mo.gov/MemberPhoto.aspx?id=369,MOL000076,2016-02-25 07:33:16
Allen,,Sue,,Republican,lower,100,Sue.Allen@house.mo.gov,http://www.house.mo.gov/member.aspx?year=2016&district=61,http://www.house.mo.gov/MemberPhoto.aspx?id=357,MOL000035,2016-02-25 07:33:20
Hinson,,Dave,,Republican,lower,119,Dave.Hinson@house.mo.gov,http://www.house.mo.gov/member.aspx?year=2016&district=108,http://www.house.mo.gov/MemberPhoto.aspx?id=500,MOL000091,2016-02-25 07:33:23
Lauer,,Jeanie,,Republican,lower,32,Jeanie.Lauer@house.mo.gov,http://www.house.mo.gov/member.aspx?year=2016&district=159,http://www.house.mo.gov/MemberPhoto.aspx?id=462,MOL000118,2016-02-25 07:33:23
Jones,,Caleb,,Republican,lower,50,Caleb.Jones@house.mo.gov,http://www.house.mo.gov/member.aspx?year=2016&district=9,http://www.house.mo.gov/MemberPhoto.aspx?id=506,MOL000101,2016-02-25 07:33:22
Reiboldt,,Bill,,Republican,lower,160,Bill.Reiboldt@house.mo.gov,http://www.house.mo.gov/member.aspx?year=2016&district=148,http://www.house.mo.gov/MemberPhoto.aspx?id=446,MOL000151,2016-02-25 07:33:20
Cookson,,Steve,,Republican,lower,153,Steve.Cookson@house.mo.gov,http://www.house.mo.gov/member.aspx?year=2016&district=10,http://www.house.mo.gov/MemberPhoto.aspx?id=513,MOL000059,2016-02-25 07:33:22
Cross,,Gary L.,,Republican,lower,35,Gary.Cross@house.mo.gov,http://www.house.mo.gov/member.aspx?year=2016&district=129,http://www.house.mo.gov/MemberPhoto.aspx?id=479,MOL000062,2016-02-25 07:33:23
Fitzpatrick,,Scott,,Republican,lower,158,Scott.Fitzpatrick@house.mo.gov,http://www.house.mo.gov/member.aspx?year=2016&district=128,http://www.house.mo.gov/MemberPhoto.aspx?id=648,MOL000248,2016-02-25 07:33:20
Frederick,,Keith,,Republican,lower,121,Keith.Frederick@house.mo.gov,http://www.house.mo.gov/member.aspx?year=2016&district=123,http://www.house.mo.gov/MemberPhoto.aspx?id=511,MOL000080,2016-02-25 07:33:22
Hough,,Lincoln,,Republican,lower,135,Lincoln.Hough@house.mo.gov,http://www.house.mo.gov/member.aspx?year=2016&district=54,http://www.house.mo.gov/MemberPhoto.aspx?id=510,MOL000095,2016-02-25 07:33:22
Lichtenegger,,Donna,,Republican,lower,146,Donna.Lichtenegger@house.mo.gov,http://www.house.mo.gov/member.aspx?year=2016&district=96,http://www.house.mo.gov/MemberPhoto.aspx?id=515,MOL000121,2016-02-25 07:33:16
Barnes,,Jay,,Republican,lower,60,Jay.Barnes@house.mo.gov,http://www.house.mo.gov/member.aspx?year=2016&district=102,http://www.house.mo.gov/MemberPhoto.aspx?id=504,MOL000041,2016-02-25 07:33:21
Anders,,Ira,,Democratic,lower,21,Ira.Anders@house.mo.gov,http://www.house.mo.gov/member.aspx?year=2016&district=100,http://www.house.mo.gov/MemberPhoto.aspx?id=470,MOL000036,2016-02-25 07:33:21
Berry,,T.J.,,Republican,lower,38,TJ.Berry@house.mo.gov,http://www.house.mo.gov/member.aspx?year=2016&district=59,http://www.house.mo.gov/MemberPhoto.aspx?id=473,MOL000043,2016-02-25 07:33:20
Zerr,,Anne,,Republican,lower,65,Anne.Zerr@house.mo.gov,http://www.house.mo.gov/member.aspx?year=2016&district=58,http://www.house.mo.gov/MemberPhoto.aspx?id=390,MOL000193,2016-02-25 07:33:22
Burlison,,Eric,,Republican,lower,133,Eric.Burlison@house.mo.gov,http://www.house.mo.gov/member.aspx?year=2016&district=57,http://www.house.mo.gov/MemberPhoto.aspx?id=360,MOL000050,2016-02-25 07:33:22
McNeil,,Margo,,Democratic,lower,69,Margo.McNeil@house.mo.gov,http://www.house.mo.gov/member.aspx?year=2016&district=36,http://www.house.mo.gov/MemberPhoto.aspx?id=380,MOL000133,2016-02-25 07:33:23
McManus,,Kevin,,Democratic,lower,36,Kevin.McManus@house.mo.gov,http://www.house.mo.gov/member.aspx?year=2015&district=39,http://www.house.mo.gov/MemberPhoto.aspx?id=485,MOL000131,2016-02-25 07:29:15
Rizzo,,John,,Democratic,lower,19,John.Rizzo@house.mo.gov,http://www.house.mo.gov/member.aspx?year=2016&district=152,http://www.house.mo.gov/MemberPhoto.aspx?id=464,MOL000154,2016-02-25 07:33:23
Curtman,,Paul,,Republican,lower,109,Paul.Curtman@house.mo.gov,http://www.house.mo.gov/member.aspx?year=2016&district=73,http://www.house.mo.gov/MemberPhoto.aspx?id=503,MOL000063,2016-02-25 07:33:23
Montecillo,,Genise,,Democratic,lower,92,Genise.Montecillo@house.mo.gov,http://www.house.mo.gov/member.aspx?year=2016&district=83,http://www.house.mo.gov/MemberPhoto.aspx?id=568,MOL000136,2016-02-25 07:33:23
Conway,,Pat,,Democratic,lower,10,Pat.Conway@house.mo.gov,http://www.house.mo.gov/member.aspx?year=2016&district=104,http://www.house.mo.gov/MemberPhoto.aspx?id=427,MOL000058,2016-02-25 07:33:21
Sommer,,Chrissy,,Republican,lower,106,Chrissy.Sommer@house.mo.gov,http://www.house.mo.gov/member.aspx?year=2016&district=31,http://www.house.mo.gov/MemberPhoto.aspx?id=628,MOL000197,2016-02-25 07:33:23
Walton Gray,,Rochelle,,Democratic,lower,75,Rochelle.Gray@house.mo.gov,http://www.house.mo.gov/member.aspx?year=2016&district=3,http://www.house.mo.gov/MemberPhoto.aspx?id=370,MOL000184,2016-02-25 07:33:22
Kelley,,Mike,,Republican,lower,127,Mike.Kelley@house.mo.gov,http://www.house.mo.gov/member.aspx?year=2016&district=145,http://www.house.mo.gov/MemberPhoto.aspx?id=507,MOL000106,2016-02-25 07:33:23
Pierson,,Tommie,,Democratic,lower,66,Tommie.Pierson@house.mo.gov,http://www.house.mo.gov/member.aspx?year=2016&district=138,http://www.house.mo.gov/MemberPhoto.aspx?id=497,MOL000147,2016-02-25 07:33:22
Lant,,Bill,,Republican,lower,159,Bill.Lant@house.mo.gov,http://www.house.mo.gov/member.aspx?year=2016&district=7,http://www.house.mo.gov/MemberPhoto.aspx?id=445,MOL000115,2016-02-25 07:33:23
Swan,,Kathryn,,Republican,lower,147,Kathryn.Swan@house.mo.gov,http://www.house.mo.gov/member.aspx?year=2016&district=63,http://www.house.mo.gov/MemberPhoto.aspx?id=660,MOL000355,2016-02-25 07:33:22
McCann Beatty,,Gail,,Democratic,lower,26,Gail.Beatty@house.mo.gov,http://www.house.mo.gov/member.aspx?year=2016&district=97,http://www.house.mo.gov/MemberPhoto.aspx?id=459,MOL000127,2016-02-25 07:33:13
Conway,,Kathie,,Republican,lower,104,Kathie.Conway@house.mo.gov,http://www.house.mo.gov/member.aspx?year=2016&district=80,http://www.house.mo.gov/MemberPhoto.aspx?id=477,MOL000057,2016-02-25 07:33:20
McGee,,DaRon,,Democratic,lower,36,DaRon.McGee@house.mo.gov,http://www.house.mo.gov/member.aspx?year=2016&district=39,http://www.house.mo.gov/MemberPhoto.aspx?id=1872,MOL000421,2016-02-25 07:33:23
Newman,,Stacey,,Democratic,lower,87,Stacey.Newman@house.mo.gov,http://www.house.mo.gov/member.aspx?year=2016&district=8,http://www.house.mo.gov/MemberPhoto.aspx?id=417,MOL000140,2016-02-25 07:33:23
McCreery,,Tracy,,Democratic,lower,88,Tracy.McCreery@house.mo.gov,http://www.house.mo.gov/member.aspx?year=2016&district=26,http://www.house.mo.gov/MemberPhoto.aspx?id=623,MOL000195,2016-02-25 07:33:22
Koenig,,Andrew,,Republican,lower,99,Andrew.Koenig@house.mo.gov,http://www.house.mo.gov/member.aspx?year=2016&district=91,http://www.house.mo.gov/MemberPhoto.aspx?id=375,MOL000110,2016-02-25 07:33:23
Lavender,,Deb,,Democratic,lower,90,Deb.Lavender@house.mo.gov,http://www.house.mo.gov/member.aspx?year=2016&district=32,http://www.house.mo.gov/MemberPhoto.aspx?id=1786,MOL000410,2016-02-25 07:33:23
Kehoe,,Mike,,Republican,upper,6,,http://www.senate.mo.gov/16info/members/mem06.htm,http://www.senate.mo.gov/15info/graphics/D06-Photo.gif,MOL000014,2016-02-25 07:33:18
Schaaf,,Rob,,Republican,upper,34,,http://www.senate.mo.gov/16info/members/mem34.htm,http://www.senate.mo.gov/15info/graphics/d34-photo.gif,MOL000029,2016-02-25 07:33:21
Riddle,,Jeanie,,Republican,upper,10,Jeanie.Riddle@house.mo.gov,http://www.senate.mo.gov/16info/members/mem10.htm,http://www.senate.mo.gov/15info/graphics/d10-photo.gif,MOL000153,2016-02-25 07:33:22
Schupp,,Jill,,Democratic,upper,24,Jill.Schupp@senate.mo.gov,http://www.senate.mo.gov/16info/members/mem24.htm,http://www.senate.mo.gov/15info/graphics/D24-photo.gif,MOL000165,2016-02-25 07:33:21
Cunningham,,Mike,,Republican,upper,33,Mike.Cunningham@senate.mo.gov,http://www.senate.mo.gov/16info/members/mem33.htm,http://www.senate.mo.gov/15info/graphics/d33-photo.gif,MOL000198,2016-02-25 07:33:22
Emery,,Ed,,Republican,upper,31,,http://www.senate.mo.gov/16info/members/mem31.htm,http://www.senate.mo.gov/15info/graphics/d31-photo.gif,MOL000199,2016-02-25 07:33:21
Walsh,,Gina,,Democratic,upper,13,,http://www.senate.mo.gov/16info/members/mem13.htm,http://www.senate.mo.gov/15info/graphics/d13-photo.gif,MOL000210,2016-02-25 07:33:19
LeVota,,Paul,,Democratic,upper,11,Paul.LeVota@senate.mo.gov,http://www.senate.mo.gov/15info/members/mem11.htm,http://www.senate.mo.gov/15info/graphics/d11-photo.gif,MOL000201,2016-02-25 07:29:14
Dempsey,,Tom,,Republican,upper,23,tom.dempsey@senate.mo.gov,http://www.senate.mo.gov/15info/members/mem23.htm,http://www.senate.mo.gov/15info/graphics/d23-photo.gif,MOL000007,2016-02-25 07:29:14
Richard,,Ron,,Republican,upper,32,,http://www.senate.mo.gov/16info/members/mem32.htm,http://www.senate.mo.gov/15info/graphics/d32-photo.gif,MOL000026,2016-02-25 07:33:22
Sater,,David,,Republican,upper,29,,http://www.senate.mo.gov/16info/members/mem29.htm,http://www.senate.mo.gov/15info/graphics/d29-photo.gif,MOL000157,2016-02-25 07:33:22
Brown,,Dan,,Republican,upper,16,Dan.Brown@senate.mo.gov,http://www.senate.mo.gov/16info/members/mem16.htm,http://www.senate.mo.gov/15info/graphics/d16-photo.gif,MOL000001,2016-02-25 07:33:22
Munzlinger,,Brian,,Republican,upper,18,,http://www.senate.mo.gov/16info/members/mem18.htm,http://www.senate.mo.gov/15info/graphics/d18-photo.gif,MOL000021,2016-02-25 07:33:22
Sifton,,Scott,,Democratic,upper,1,,http://www.senate.mo.gov/16info/members/mem01.htm,http://www.senate.mo.gov/15info/graphics/d01-photo.gif,MOL000168,2016-02-25 07:33:21
Pearce,,David,,Republican,upper,21,,http://www.senate.mo.gov/16info/members/mem21.htm,http://www.senate.mo.gov/15info/graphics/D21-photo.gif,MOL000024,2016-02-25 07:33:22
Parson,,Mike,,Republican,upper,28,mparson@senate.mo.gov,http://www.senate.mo.gov/16info/members/mem28.htm,http://www.senate.mo.gov/15info/graphics/d28-photo.gif,MOL000023,2016-02-25 07:33:16
Nasheed,,Jamilah,,Democratic,upper,5,Jamilah.Nasheed@senate.mo.gov,http://www.senate.mo.gov/16info/members/mem05.htm,http://www.senate.mo.gov/15info/graphics/D05-photo.gif,MOL000138,2016-02-25 07:33:23
Schaefer,,Kurt,,Republican,upper,19,,http://www.senate.mo.gov/16info/members/mem19.htm,http://www.senate.mo.gov/15info/graphics/d19-photo.gif,MOL000030,2016-02-25 07:33:22
Keaveny,,Joseph,,Democratic,upper,4,,http://www.senate.mo.gov/16info/members/mem04.htm,http://www.senate.mo.gov/15info/graphics/d04-photo.gif,MOL000013,2016-02-25 07:33:21
Chappelle-Nadal,,Maria,,Democratic,upper,14,maria.chappellenadal@senate.mo.gov,http://www.senate.mo.gov/16info/members/mem14.htm,http://www.senate.mo.gov/14info/graphics/d14-photo.gif,MOL000003,2016-02-25 07:33:21
Schatz,,Dave,,Republican,upper,26,Dave.Schatz@house.mo.gov,http://www.senate.mo.gov/16info/members/mem26.htm,http://www.senate.mo.gov/15info/graphics/d26-photo.gif,MOL000160,2016-02-25 07:33:23
Romine,,Gary,,Republican,upper,3,,http://www.senate.mo.gov/16info/members/mem03.htm,http://www.senate.mo.gov/15info/graphics/D03-photo.gif,MOL000205,2016-02-25 07:33:23
Libla,,Doug,,Republican,upper,25,,http://www.senate.mo.gov/16info/members/mem25.htm,http://www.senate.mo.gov/15info/graphics/d25-photo.gif,MOL000202,2016-02-25 07:33:22
Wieland,,Paul,,Republican,upper,22,Paul.Wieland@house.mo.gov,http://www.senate.mo.gov/16info/members/mem22.htm,http://www.senate.mo.gov/15info/graphics/d22-photo.gif,MOL000190,2016-02-25 07:33:23
Onder,,Bob,,Republican,upper,2,Bob.Onder@senate.mo.gov,http://www.senate.mo.gov/16info/members/mem02.htm,http://www.senate.mo.gov/15info/graphics/d02-photo.gif,MOL000417,2016-02-25 07:33:22
Hegeman,,Dan,,Republican,upper,12,,http://www.senate.mo.gov/16info/members/mem12.htm,http://www.senate.mo.gov/15info/graphics/d12-photo.gif,MOL000415,2016-02-25 07:33:23
Holsman,,Jason,,Democratic,upper,7,Jason.Holsman@house.mo.gov,http://www.senate.mo.gov/16info/members/mem07.htm,http://www.senate.mo.gov/15info/graphics/d07-photo.gif,MOL000093,2016-02-25 07:33:23
Wallingford,,Wayne,,Republican,upper,27,,http://www.senate.mo.gov/16info/members/mem27.htm,http://www.senate.mo.gov/15info/graphics/d27-photo.gif,MOL000183,2016-02-25 07:33:21
Dixon,,Bob,,Republican,upper,30,Bob.Dixon@senate.mo.gov,http://www.senate.mo.gov/16info/members/mem30.htm,http://www.senate.mo.gov/15info/graphics/d30-photo.gif,MOL000008,2016-02-25 07:33:23
Silvey,,Ryan,,Republican,upper,17,Ryan.Silvey@senate.mo.gov,http://www.senate.mo.gov/16info/members/mem17.htm,http://www.senate.mo.gov/15info/graphics/d17-photo.gif,MOL000169,2016-02-25 07:33:22
Wasson,,Jay,,Republican,upper,20,,http://www.senate.mo.gov/16info/members/mem20.htm,http://www.senate.mo.gov/15info/graphics/d20-photo.gif,MOL000033,2016-02-25 07:33:23
Kraus,,Will,,Republican,upper,8,,http://www.senate.mo.gov/16info/members/mem08.htm,http://www.senate.mo.gov/15info/graphics/D08-photo.gif,MOL000015,2016-02-25 07:33:23
Schmitt,,Eric,,Republican,upper,15,eschmitt@senate.mo.gov,http://www.senate.mo.gov/16info/members/mem15.htm,http://www.senate.mo.gov/15info/graphics/d15-photo.gif,MOL000031,2016-02-25 07:33:23
Curls,,S. Kiki,,Democratic,upper,9,,http://www.senate.mo.gov/16info/members/mem09.htm,http://www.senate.mo.gov/15info/graphics/d09-photo.gif,MOL000006,2016-02-25 07:33:23
